U1/V,IA/nA
0.02,0.02
0.04,0.02
0.07,0.02
0.09,0.03
0.12,0.03
0.14,0.03
0.17,0.03
0.19,0.03
0.21,0.04
0.24,0.04
0.26,0.03
0.29,0.04
0.31,0.04
0.34,0.04
0.36,0.04
0.39,0.04
0.41,0.04
0.43,0.04
0.46,0.04
0.48,0.04
0.51,0.05
0.53,0.05
0.56,0.05
0.58,0.05
0.61,0.05
0.63,0.05
0.65,0.05
0.68,0.05
0.7,0.05
0.73,0.05
0.75,0.05
0.78,0.05
0.8,0.05
0.83,0.05
0.85,0.04
0.87,0.05
0.9,0.05
0.92,0.05
0.95,0.05
0.97,0.05
1,0.05
1.02,0.05
1.05,0.06
1.07,0.07
1.09,0.07
1.12,0.07
1.14,0.06
1.17,0.07
1.19,0.06
1.22,0.06
1.24,0.06
1.26,0.07
1.29,0.07
1.31,0.07
1.34,0.06
1.36,0.07
1.39,0.07
1.41,0.07
1.44,0.06
1.46,0.07
1.48,0.07
1.51,0.07
1.53,0.06
1.56,0.06
1.58,0.06
1.61,0.06
1.63,0.06
1.66,0.06
1.68,0.06
1.7,0.05
1.73,0.04
1.75,0.04
1.78,0.04
1.8,0.04
1.83,0.04
1.85,0.04
1.88,0.04
1.9,0.04
1.92,0.04
1.95,0.04
1.97,0.04
2,0.04
2.02,0.04
2.05,0.04
2.07,0.04
2.1,0.04
2.12,0.04
2.14,0.04
2.17,0.04
2.19,0.04
2.22,0.05
2.24,0.05
2.27,0.05
2.29,0.05
2.31,0.05
2.34,0.05
2.36,0.05
2.39,0.04
2.41,0.05
2.44,0.05
2.46,0.05
2.49,0.04
2.51,0.04
2.53,0.04
2.56,0.04
2.58,0.04
2.61,0.05
2.63,0.05
2.66,0.05
2.68,0.05
2.71,0.05
2.73,0.05
2.75,0.05
2.78,0.04
2.8,0.05
2.83,0.05
2.85,0.05
2.88,0.05
2.9,0.05
2.93,0.05
2.95,0.05
2.97,0.04
3,0.05
3.02,0.05
3.05,0.05
3.07,0.05
3.1,0.05
3.12,0.05
3.15,0.05
3.17,0.05
3.19,0.05
3.22,0.05
3.24,0.05
3.27,0.04
3.29,0.05
3.32,0.05
3.34,0.05
3.36,0.05
3.39,0.05
3.41,0.05
3.44,0.05
3.46,0.04
3.49,0.04
3.51,0.04
3.54,0.04
3.56,0.04
3.58,0.05
3.61,0.05
3.63,0.05
3.66,0.04
3.68,0.04
3.71,0.04
3.73,0.04
3.76,0.04
3.78,0.05
3.8,0.05
3.83,0.05
3.85,0.05
3.88,0.05
3.9,0.05
3.93,0.04
3.95,0.05
3.98,0.05
4,0.05
4.02,0.04
4.05,0.04
4.07,0.04
4.1,0.04
4.12,0.04
4.15,0.04
4.17,0.04
4.2,0.04
4.22,0.04
4.24,0.04
4.27,0.04
4.29,0.04
4.32,0.04
4.34,0.04
4.37,0.04
4.39,0.05
4.42,0.04
4.44,0.04
4.46,0.04
4.49,0.04
4.51,0.04
4.54,0.05
4.56,0.05
4.59,0.05
4.61,0.05
4.63,0.05
4.66,0.05
4.68,0.05
4.71,0.04
4.73,0.06
4.76,0.06
4.78,0.06
4.81,0.06
4.83,0.06
4.85,0.06
4.88,0.06
4.9,0.05
4.93,0.06
4.95,0.06
4.98,0.06
5,0.07
5.03,0.07
5.05,0.08
5.07,0.08
5.1,0.08
5.12,0.09
5.15,0.09
5.17,0.09
5.2,0.09
5.22,0.09
5.25,0.1
5.27,0.1
5.29,0.1
5.32,0.11
5.34,0.11
5.37,0.12
5.39,0.12
5.42,0.13
5.44,0.13
5.47,0.13
5.49,0.14
5.51,0.15
5.54,0.15
5.56,0.16
5.59,0.16
5.61,0.17
5.64,0.18
5.66,0.18
5.68,0.19
5.71,0.2
5.73,0.2
5.76,0.21
5.78,0.22
5.81,0.23
5.83,0.23
5.86,0.23
5.88,0.24
5.9,0.25
5.93,0.25
5.95,0.26
5.98,0.26
6,0.28
6.03,0.28
6.05,0.28
6.08,0.29
6.1,0.3
6.12,0.32
6.15,0.32
6.17,0.33
6.2,0.35
6.22,0.35
6.25,0.35
6.27,0.36
6.3,0.37
6.32,0.37
6.34,0.37
6.37,0.38
6.39,0.39
6.42,0.39
6.44,0.39
6.47,0.4
6.49,0.41
6.52,0.41
6.54,0.41
6.56,0.42
6.59,0.43
6.61,0.42
6.64,0.42
6.66,0.43
6.69,0.44
6.71,0.44
6.73,0.44
6.76,0.45
6.78,0.44
6.81,0.43
6.83,0.43
6.86,0.44
6.88,0.45
6.91,0.45
6.93,0.44
6.95,0.45
6.98,0.46
7,0.46
7.03,0.47
7.05,0.48
7.08,0.48
7.1,0.48
7.13,0.48
7.15,0.48
7.17,0.49
7.2,0.49
7.22,0.49
7.25,0.5
7.27,0.5
7.3,0.5
7.32,0.51
7.35,0.51
7.37,0.52
7.39,0.51
7.42,0.52
7.44,0.53
7.47,0.53
7.49,0.53
7.52,0.53
7.54,0.54
7.57,0.54
7.59,0.54
7.61,0.54
7.64,0.55
7.66,0.55
7.69,0.55
7.71,0.55
7.74,0.56
7.76,0.56
7.78,0.56
7.81,0.57
7.83,0.57
7.86,0.57
7.88,0.57
7.91,0.57
7.93,0.58
7.96,0.58
7.98,0.58
8,0.59
8.03,0.6
8.05,0.59
8.08,0.59
8.1,0.59
8.13,0.6
8.15,0.6
8.18,0.6
8.2,0.61
8.22,0.62
8.25,0.62
8.27,0.62
8.3,0.62
8.32,0.63
8.35,0.62
8.37,0.62
8.4,0.63
8.42,0.63
8.44,0.63
8.47,0.63
8.49,0.64
8.52,0.65
8.54,0.64
8.57,0.64
8.59,0.65
8.62,0.65
8.64,0.65
8.66,0.65
8.69,0.66
8.71,0.66
8.74,0.66
8.76,0.66
8.79,0.67
8.81,0.67
8.84,0.67
8.86,0.67
8.88,0.68
8.91,0.68
8.93,0.68
8.96,0.68
8.98,0.69
9.01,0.69
9.03,0.69
9.05,0.69
9.08,0.7
9.1,0.7
9.13,0.7
9.15,0.7
9.18,0.71
9.2,0.71
9.23,0.71
9.25,0.71
9.27,0.72
9.3,0.72
9.32,0.72
9.35,0.72
9.37,0.73
9.4,0.73
9.42,0.74
9.45,0.74
9.47,0.75
9.49,0.74
9.52,0.74
9.54,0.75
9.57,0.75
9.59,0.75
9.62,0.75
9.64,0.76
9.67,0.76
9.69,0.76
9.71,0.75
9.74,0.77
9.76,0.77
9.79,0.77
9.81,0.76
9.84,0.77
9.86,0.78
9.89,0.77
9.91,0.77
9.93,0.78
9.96,0.79
9.98,0.78
10.01,0.78
10.03,0.79
10.06,0.79
10.08,0.78
10.1,0.78
10.13,0.8
10.15,0.8
10.18,0.8
10.2,0.8
10.23,0.8
10.25,0.81
10.28,0.8
10.3,0.8
10.32,0.81
10.35,0.81
10.37,0.81
10.4,0.81
10.42,0.82
10.45,0.82
10.47,0.82
10.5,0.82
10.52,0.82
10.54,0.83
10.57,0.82
10.59,0.83
10.62,0.83
10.64,0.84
10.67,0.83
10.69,0.84
10.72,0.84
10.74,0.85
10.76,0.84
10.79,0.84
10.81,0.85
10.84,0.85
10.86,0.85
10.89,0.85
10.91,0.86
10.94,0.86
10.96,0.86
10.98,0.86
11.01,0.86
11.03,0.86
11.06,0.86
11.08,0.86
11.11,0.87
11.13,0.87
11.15,0.87
11.18,0.87
11.2,0.88
11.23,0.88
11.25,0.87
11.28,0.88
11.3,0.9
11.33,0.9
11.35,0.9
11.37,0.91
11.4,0.92
11.42,0.91
11.45,0.91
11.47,0.92
11.5,0.92
11.52,0.91
11.55,0.91
11.57,0.92
11.59,0.93
11.62,0.92
11.64,0.92
11.67,0.93
11.69,0.93
11.72,0.93
11.74,0.93
11.77,0.93
11.79,0.93
11.81,0.93
11.84,0.93
11.86,0.94
11.89,0.94
11.91,0.94
11.94,0.94
11.96,0.92
11.99,0.92
12.01,0.91
12.03,0.92
12.06,0.93
12.08,0.93
12.11,0.92
12.13,0.93
12.16,0.94
12.18,0.94
12.21,0.93
12.23,0.93
12.25,0.94
12.28,0.94
12.3,0.94
12.33,0.94
12.35,0.95
12.38,0.95
12.4,0.94
12.42,0.94
12.45,0.95
12.47,0.96
12.5,0.95
12.52,0.95
12.55,0.96
12.57,0.97
12.6,0.96
12.62,0.96
12.64,0.97
12.67,0.97
12.69,0.97
12.72,0.97
12.74,0.97
12.77,0.98
12.79,0.97
12.82,0.97
12.84,0.98
12.86,0.98
12.89,0.98
12.91,0.98
12.94,0.98
12.96,0.98
12.99,0.98
13.01,0.98
13.04,0.99
13.06,0.99
13.08,0.99
13.11,0.99
13.13,0.99
13.16,0.99
13.18,0.99
13.21,0.99
13.23,0.99
13.26,0.99
13.28,0.99
13.3,1
13.33,1
13.35,1
13.38,1
13.4,1
13.43,1.01
13.45,1
13.47,1
13.5,1.01
13.52,1.01
13.55,1
13.57,1
13.6,1.01
13.62,1.01
13.65,1
13.67,1.01
13.69,1.01
13.72,1.01
13.74,1.01
13.77,1.01
13.79,1.03
13.82,1.03
13.84,1.02
13.87,1.03
13.89,1.03
13.91,1.03
13.94,1.02
13.96,1.02
13.99,1.04
14.01,1.04
14.04,1.03
14.06,1.03
14.09,1.04
14.11,1.05
14.13,1.04
14.16,1.04
14.18,1.05
14.21,1.05
14.23,1.04
14.26,1.04
14.28,1.05
14.31,1.06
14.33,1.05
14.35,1.05
14.38,1.06
14.4,1.06
14.43,1.05
14.45,1.05
14.48,1.06
14.5,1.06
14.52,1.06
14.55,1.06
14.57,1.07
14.6,1.07
14.62,1.06
14.65,1.06
14.67,1.07
14.7,1.07
14.72,1.06
14.74,1.07
14.77,1.07
14.79,1.07
14.82,1.07
14.84,1.07
14.87,1.07
14.89,1.07
14.92,1.07
14.94,1.07
14.96,1.08
14.99,1.08
15.01,1.08
15.04,1.08
15.06,1.08
15.09,1.08
15.11,1.08
15.14,1.08
15.16,1.08
15.18,1.08
15.21,1.08
15.23,1.09
15.26,1.09
15.28,1.08
15.31,1.08
15.33,1.09
15.36,1.08
15.38,1.07
15.4,1.08
15.43,1.08
15.45,1.08
15.48,1.07
15.5,1.07
15.53,1.08
15.55,1.07
15.57,1.06
15.6,1.06
15.62,1.07
15.65,1.06
15.67,1.05
15.7,1.05
15.72,1.06
15.75,1.05
15.77,1.04
15.79,1.04
15.82,1.04
15.84,1.03
15.87,1.02
15.89,1.01
15.92,1.02
15.94,1.01
15.97,1
15.99,1
16.01,1
16.04,1
16.06,0.98
16.09,0.98
16.11,0.98
16.14,0.97
16.16,0.96
16.19,0.96
16.21,0.96
16.23,0.95
16.26,0.94
16.28,0.93
16.31,0.93
16.33,0.93
16.36,0.92
16.38,0.91
16.41,0.91
16.43,0.9
16.45,0.89
16.48,0.89
16.5,0.89
16.53,0.88
16.55,0.87
16.58,0.87
16.6,0.86
16.63,0.85
16.65,0.84
16.67,0.84
16.7,0.84
16.72,0.82
16.75,0.82
16.77,0.81
16.8,0.81
16.82,0.79
16.84,0.78
16.87,0.78
16.89,0.78
16.92,0.76
16.94,0.76
16.97,0.76
16.99,0.75
17.02,0.74
17.04,0.73
17.06,0.73
17.09,0.72
17.11,0.7
17.14,0.7
17.16,0.69
17.19,0.69
17.21,0.67
17.24,0.67
17.26,0.67
17.28,0.66
17.31,0.64
17.33,0.63
17.36,0.63
17.38,0.62
17.41,0.61
17.43,0.6
17.46,0.6
17.48,0.59
17.5,0.58
17.53,0.57
17.55,0.57
17.58,0.56
17.6,0.54
17.63,0.54
17.65,0.54
17.68,0.53
17.7,0.52
17.72,0.51
17.75,0.51
17.77,0.5
17.8,0.49
17.82,0.48
17.85,0.48
17.87,0.47
17.89,0.46
17.92,0.45
17.94,0.45
17.97,0.44
17.99,0.43
18.02,0.42
18.04,0.42
18.07,0.41
18.09,0.4
18.11,0.39
18.14,0.39
18.16,0.39
18.19,0.38
18.21,0.37
18.24,0.37
18.26,0.36
18.29,0.35
18.31,0.34
18.33,0.34
18.36,0.33
18.38,0.32
18.41,0.32
18.43,0.31
18.46,0.3
18.48,0.3
18.51,0.29
18.53,0.29
18.55,0.28
18.58,0.27
18.6,0.27
18.63,0.26
18.65,0.25
18.68,0.25
18.7,0.25
18.73,0.24
18.75,0.23
18.77,0.23
18.8,0.23
18.82,0.22
18.85,0.21
18.87,0.21
18.9,0.21
18.92,0.21
18.94,0.2
18.97,0.2
18.99,0.2
19.02,0.19
19.04,0.18
19.07,0.18
19.09,0.18
19.12,0.18
19.14,0.17
19.16,0.16
19.19,0.17
19.21,0.17
19.24,0.15
19.26,0.15
19.29,0.16
19.31,0.15
19.34,0.14
19.36,0.14
19.38,0.14
19.41,0.14
19.43,0.13
19.46,0.13
19.48,0.13
19.51,0.13
19.53,0.11
19.56,0.11
19.58,0.12
19.6,0.11
19.63,0.1
19.65,0.1
19.68,0.1
19.7,0.1
19.73,0.09
19.75,0.09
19.78,0.09
19.8,0.09
19.82,0.08
19.85,0.08
19.87,0.08
19.9,0.08
19.92,0.07
19.95,0.07
19.97,0.07
19.99,0.07
20.02,0.06
20.04,0.06
20.07,0.06
20.09,0.06
20.12,0.05
20.14,0.05
20.17,0.05
20.19,0.05
20.21,0.05
20.24,0.04
20.26,0.04
20.29,0.04
20.31,0.04
20.34,0.04
20.36,0.04
20.39,0.04
20.41,0.04
20.43,0.04
20.46,0.04
20.48,0.04
20.51,0.04
20.53,0.04
20.56,0.04
20.58,0.04
20.61,0.04
20.63,0.04
20.65,0.04
20.68,0.04
20.7,0.04
20.73,0.04
20.75,0.04
20.78,0.04
20.8,0.05
20.83,0.05
20.85,0.04
20.87,0.04
20.9,0.04
20.92,0.05
20.95,0.05
20.97,0.04
21,0.05
21.02,0.05
21.05,0.04
21.07,0.04
21.09,0.04
21.12,0.04
21.14,0.04
21.17,0.04
21.19,0.04
21.22,0.04
21.24,0.04
21.26,0.04
21.29,0.04
21.31,0.04
21.34,0.04
21.36,0.03
21.39,0.04
21.41,0.04
21.44,0.04
21.46,0.03
21.48,0.03
21.51,0.03
21.53,0.03
21.56,0.03
21.58,0.03
21.61,0.03
21.63,0.03
21.66,0.02
21.68,0.02
21.7,0.02
21.73,0.02
21.75,0.02
21.78,0.02
21.8,0.02
21.83,0.02
21.85,0.02
21.88,0.02
21.9,0.02
21.92,0.02
21.95,0.02
21.97,0.02
22,0.02
22.02,0.02
22.05,0.02
22.07,0.03
22.1,0.03
22.12,0.03
22.14,0.03
22.17,0.04
22.19,0.04
22.22,0.04
22.24,0.04
22.27,0.05
22.29,0.05
22.31,0.05
22.34,0.06
22.36,0.07
22.39,0.07
22.41,0.07
22.44,0.08
22.46,0.09
22.49,0.09
22.51,0.09
22.53,0.11
22.56,0.12
22.58,0.12
22.61,0.13
22.63,0.14
22.66,0.15
22.68,0.15
22.71,0.16
22.73,0.18
22.75,0.19
22.78,0.19
22.8,0.2
22.83,0.21
22.85,0.23
22.88,0.23
22.9,0.24
22.93,0.25
22.95,0.27
22.97,0.28
23,0.28
23.02,0.3
23.05,0.32
23.07,0.33
23.1,0.33
23.12,0.35
23.15,0.37
23.17,0.38
23.19,0.38
23.22,0.4
23.24,0.42
23.27,0.43
23.29,0.43
23.32,0.45
23.34,0.47
23.36,0.48
23.39,0.48
23.41,0.49
23.44,0.51
23.46,0.52
23.49,0.52
23.51,0.54
23.54,0.56
23.56,0.57
23.58,0.57
23.61,0.58
23.63,0.6
23.66,0.6
23.68,0.61
23.71,0.63
23.73,0.64
23.76,0.65
23.78,0.66
23.8,0.67
23.83,0.69
23.85,0.69
23.88,0.7
23.9,0.71
23.93,0.72
23.95,0.73
23.98,0.74
24,0.76
24.02,0.77
24.05,0.77
24.07,0.79
24.1,0.8
24.12,0.8
24.15,0.81
24.17,0.82
24.2,0.84
24.22,0.84
24.24,0.85
24.27,0.86
24.29,0.88
24.32,0.88
24.34,0.89
24.37,0.9
24.39,0.92
24.42,0.92
24.44,0.92
24.46,0.94
24.49,0.96
24.51,0.96
24.54,0.96
24.56,0.97
24.59,0.99
24.61,0.99
24.63,0.99
24.66,1
24.68,1.02
24.71,1.02
24.73,1.03
24.76,1.04
24.78,1.06
24.81,1.06
24.83,1.06
24.85,1.07
24.88,1.09
24.9,1.09
24.93,1.09
24.95,1.1
24.98,1.12
25,1.12
25.03,1.12
25.05,1.13
25.07,1.15
25.1,1.15
25.12,1.15
25.15,1.16
25.17,1.18
25.2,1.18
25.22,1.18
25.25,1.2
25.27,1.21
25.29,1.21
25.32,1.22
25.34,1.22
25.37,1.24
25.39,1.24
25.42,1.24
25.44,1.25
25.47,1.26
25.49,1.27
25.51,1.27
25.54,1.28
25.56,1.29
25.59,1.29
25.61,1.3
25.64,1.31
25.66,1.31
25.68,1.32
25.71,1.33
25.73,1.34
25.76,1.35
25.78,1.35
25.81,1.36
25.83,1.36
25.86,1.37
25.88,1.37
25.9,1.38
25.93,1.39
25.95,1.39
25.98,1.39
26,1.41
26.03,1.41
26.05,1.42
26.08,1.42
26.1,1.43
26.12,1.44
26.15,1.44
26.17,1.44
26.2,1.45
26.22,1.46
26.25,1.46
26.27,1.46
26.3,1.47
26.32,1.48
26.34,1.48
26.37,1.48
26.39,1.5
26.42,1.51
26.44,1.51
26.47,1.51
26.49,1.51
26.52,1.53
26.54,1.53
26.56,1.52
26.59,1.53
26.61,1.54
26.64,1.54
26.66,1.54
26.69,1.55
26.71,1.57
26.73,1.56
26.76,1.56
26.78,1.57
26.81,1.57
26.83,1.58
26.86,1.58
26.88,1.59
26.91,1.6
26.93,1.61
26.95,1.61
26.98,1.61
27,1.61
27.03,1.62
27.05,1.61
27.08,1.62
27.1,1.63
27.13,1.64
27.15,1.66
27.17,1.66
27.2,1.66
27.22,1.68
27.25,1.68
27.27,1.68
27.3,1.68
27.32,1.69
27.35,1.69
27.37,1.69
27.39,1.7
27.42,1.72
27.44,1.71
27.47,1.73
27.49,1.72
27.52,1.73
27.54,1.73
27.57,1.74
27.59,1.74
27.61,1.75
27.64,1.76
27.66,1.76
27.69,1.76
27.71,1.77
27.74,1.77
27.76,1.77
27.78,1.77
27.81,1.75
27.83,1.76
27.86,1.77
27.88,1.76
27.91,1.77
27.93,1.78
27.96,1.78
27.98,1.78
28,1.78
28.03,1.79
28.05,1.79
28.08,1.79
28.1,1.8
28.13,1.81
28.15,1.81
28.18,1.81
28.2,1.81
28.22,1.82
28.25,1.82
28.27,1.81
28.3,1.83
28.32,1.84
28.35,1.84
28.37,1.84
28.4,1.84
28.42,1.86
28.44,1.85
28.47,1.85
28.49,1.86
28.52,1.86
28.54,1.86
28.57,1.86
28.59,1.87
28.62,1.88
28.64,1.87
28.66,1.87
28.69,1.88
28.71,1.89
28.74,1.88
28.76,1.88
28.79,1.89
28.81,1.9
28.84,1.9
28.86,1.9
28.88,1.91
28.91,1.91
28.93,1.91
28.96,1.91
28.98,1.91
29.01,1.92
29.03,1.92
29.05,1.92
29.08,1.93
29.1,1.93
29.13,1.93
29.15,1.93
29.18,1.94
29.2,1.95
29.23,1.94
29.25,1.95
29.27,1.96
29.3,1.96
29.32,1.96
29.35,1.96
29.37,1.97
29.4,1.97
29.42,1.97
29.45,1.97
29.47,1.97
29.49,1.98
29.52,1.98
29.54,1.98
29.57,1.99
29.59,1.99
29.62,1.99
29.64,2
29.67,2.01
29.69,2
29.71,2
29.74,2.01
29.76,2.01
29.79,2.01
29.81,2.01
29.84,2.02
29.86,2.02
29.89,2.02
29.91,2.02
29.93,2.03
29.96,2.04
29.98,2.03
30.01,2.03
30.03,2.04
30.06,2.05
30.08,2.05
30.1,2.05
30.13,2.05
30.15,2.06
30.18,2.05
30.2,2.05
30.23,2.06
30.25,2.07
30.28,2.06
30.3,2.06
30.32,2.07
30.35,2.08
30.37,2.07
30.4,2.07
30.42,2.08
30.45,2.08
30.47,2.08
30.5,2.08
30.52,2.09
30.54,2.09
30.57,2.09
30.59,2.09
30.62,2.1
30.64,2.1
30.67,2.1
30.69,2.09
30.72,2.1
30.74,2.11
30.76,2.11
30.79,2.11
30.81,2.12
30.84,2.12
30.86,2.12
30.89,2.12
30.91,2.12
30.94,2.13
30.96,2.13
30.98,2.13
31.01,2.14
31.03,2.14
31.06,2.14
31.08,2.14
31.11,2.15
31.13,2.15
31.15,2.14
31.18,2.15
31.2,2.16
31.23,2.16
31.25,2.16
31.28,2.17
31.3,2.17
31.33,2.17
31.35,2.17
31.37,2.17
31.4,2.18
31.42,2.17
31.45,2.17
31.47,2.18
31.5,2.18
31.52,2.18
31.55,2.18
31.57,2.19
31.59,2.19
31.62,2.19
31.64,2.18
31.67,2.19
31.69,2.2
31.72,2.19
31.74,2.19
31.77,2.2
31.79,2.21
31.81,2.2
31.84,2.19
31.86,2.2
31.89,2.21
31.91,2.19
31.94,2.19
31.96,2.2
31.99,2.21
32.01,2.2
32.03,2.2
32.06,2.2
32.08,2.21
32.11,2.2
32.13,2.19
32.16,2.2
32.18,2.2
32.2,2.19
32.23,2.19
32.25,2.2
32.28,2.2
32.3,2.19
32.33,2.18
32.35,2.19
32.38,2.18
32.4,2.18
32.42,2.17
32.45,2.17
32.47,2.18
32.5,2.17
32.52,2.16
32.55,2.17
32.57,2.16
32.6,2.15
32.62,2.14
32.64,2.14
32.67,2.14
32.69,2.13
32.72,2.12
32.74,2.12
32.77,2.12
32.79,2.11
32.82,2.1
32.84,2.1
32.86,2.09
32.89,2.08
32.91,2.08
32.94,2.08
32.96,2.07
32.99,2.06
33.01,2.05
33.04,2.05
33.06,2.04
33.08,2.03
33.11,2.02
33.13,2.01
33.16,2
33.18,2
33.21,1.99
33.23,1.98
33.26,1.97
33.28,1.96
33.3,1.96
33.33,1.95
33.35,1.94
33.38,1.93
33.4,1.92
33.43,1.92
33.45,1.9
33.47,1.89
33.5,1.89
33.52,1.88
33.55,1.87
33.57,1.85
33.6,1.85
33.62,1.84
33.65,1.83
33.67,1.82
33.69,1.82
33.72,1.81
33.74,1.79
33.77,1.78
33.79,1.77
33.82,1.77
33.84,1.75
33.87,1.73
33.89,1.73
33.91,1.72
33.94,1.7
33.96,1.71
33.99,1.71
34.01,1.7
34.04,1.68
34.06,1.66
34.09,1.66
34.11,1.65
34.13,1.63
34.16,1.62
34.18,1.61
34.21,1.61
34.23,1.59
34.26,1.57
34.28,1.57
34.31,1.55
34.33,1.54
34.35,1.52
34.38,1.52
34.4,1.51
34.43,1.49
34.45,1.48
34.48,1.48
34.5,1.47
34.52,1.45
34.55,1.44
34.57,1.43
34.6,1.42
34.62,1.38
34.65,1.37
34.67,1.37
34.7,1.35
34.72,1.34
34.74,1.33
34.77,1.32
34.79,1.3
34.82,1.29
34.84,1.28
34.87,1.28
34.89,1.26
34.92,1.25
34.94,1.24
34.96,1.23
34.99,1.22
35.01,1.2
35.04,1.19
35.06,1.18
35.09,1.16
35.11,1.15
35.14,1.14
35.16,1.13
35.18,1.12
35.21,1.1
35.23,1.1
35.26,1.09
35.28,1.07
35.31,1.05
35.33,1.05
35.36,1.04
35.38,1.02
35.4,1.01
35.43,1
35.45,0.99
35.48,0.98
35.5,0.96
35.53,0.96
35.55,0.95
35.57,0.93
35.6,0.92
35.62,0.92
35.65,0.91
35.67,0.89
35.7,0.88
35.72,0.88
35.75,0.87
35.77,0.85
35.79,0.83
35.82,0.83
35.84,0.82
35.87,0.81
35.89,0.8
35.92,0.79
35.94,0.79
35.97,0.77
35.99,0.76
36.01,0.75
36.04,0.74
36.06,0.73
36.09,0.72
36.11,0.71
36.14,0.71
36.16,0.69
36.19,0.68
36.21,0.68
36.23,0.66
36.26,0.65
36.28,0.64
36.31,0.63
36.33,0.63
36.36,0.61
36.38,0.6
36.41,0.6
36.43,0.59
36.45,0.58
36.48,0.57
36.5,0.56
36.53,0.55
36.55,0.54
36.58,0.53
36.6,0.53
36.62,0.52
36.65,0.51
36.67,0.5
36.7,0.49
36.72,0.48
36.75,0.47
36.77,0.47
36.8,0.46
36.82,0.45
36.84,0.44
36.87,0.44
36.89,0.44
36.92,0.42
36.94,0.41
36.97,0.41
36.99,0.4
37.02,0.38
37.04,0.38
37.06,0.37
37.09,0.37
37.11,0.36
37.14,0.34
37.16,0.35
37.19,0.34
37.21,0.32
37.24,0.32
37.26,0.32
37.28,0.31
37.31,0.3
37.33,0.29
37.36,0.29
37.38,0.29
37.41,0.27
37.43,0.27
37.46,0.26
37.48,0.26
37.5,0.24
37.53,0.24
37.55,0.24
37.58,0.23
37.6,0.22
37.63,0.22
37.65,0.21
37.68,0.23
37.7,0.22
37.72,0.21
37.75,0.21
37.77,0.21
37.8,0.2
37.82,0.19
37.85,0.19
37.87,0.19
37.89,0.17
37.92,0.17
37.94,0.17
37.97,0.16
37.99,0.15
38.02,0.15
38.04,0.15
38.07,0.15
38.09,0.13
38.11,0.13
38.14,0.13
38.16,0.13
38.19,0.12
38.21,0.11
38.24,0.11
38.26,0.11
38.29,0.1
38.31,0.1
38.33,0.08
38.36,0.08
38.38,0.07
38.41,0.07
38.43,0.07
38.46,0.07
38.48,0.06
38.51,0.06
38.53,0.06
38.55,0.06
38.58,0.05
38.6,0.05
38.63,0.05
38.65,0.05
38.68,0.05
38.7,0.05
38.73,0.05
38.75,0.05
38.77,0.05
38.8,0.05
38.82,0.05
38.85,0.05
38.87,0.05
38.9,0.05
38.92,0.05
38.94,0.05
38.97,0.06
38.99,0.06
39.02,0.06
39.04,0.06
39.07,0.07
39.09,0.08
39.12,0.08
39.14,0.08
39.16,0.08
39.19,0.09
39.21,0.09
39.24,0.1
39.26,0.11
39.29,0.12
39.31,0.14
39.34,0.14
39.36,0.15
39.38,0.17
39.41,0.17
39.43,0.17
39.46,0.18
39.48,0.2
39.51,0.21
39.53,0.21
39.56,0.23
39.58,0.24
39.6,0.25
39.63,0.25
39.65,0.26
39.68,0.28
39.7,0.29
39.73,0.3
39.75,0.31
39.78,0.33
39.8,0.34
39.82,0.34
39.85,0.35
39.87,0.37
39.9,0.38
39.92,0.39
39.95,0.4
39.97,0.4
39.99,0.42
40.02,0.42
40.04,0.44
40.07,0.45
40.09,0.46
40.12,0.47
40.14,0.48
40.17,0.49
40.19,0.51
40.21,0.51
40.24,0.53
40.26,0.54
40.29,0.55
40.31,0.56
40.34,0.57
40.36,0.58
40.39,0.59
40.41,0.6
40.43,0.61
40.46,0.63
40.48,0.63
40.51,0.64
40.53,0.65
40.56,0.66
40.58,0.67
40.61,0.68
40.63,0.69
40.65,0.7
40.68,0.7
40.7,0.72
40.73,0.73
40.75,0.74
40.78,0.75
40.8,0.75
40.83,0.77
40.85,0.78
40.87,0.78
40.9,0.79
40.92,0.81
40.95,0.84
40.97,0.84
41,0.85
41.02,0.87
41.05,0.88
41.07,0.88
41.09,0.9
41.12,0.91
41.14,0.92
41.17,0.93
41.19,0.94
41.22,0.97
41.24,0.98
41.26,0.98
41.29,1
41.31,1.01
41.34,1.02
41.36,1.02
41.39,1.03
41.41,1.06
41.44,1.07
41.46,1.07
41.48,1.09
41.51,1.11
41.53,1.12
41.56,1.13
41.58,1.14
41.61,1.14
41.63,1.15
41.66,1.16
41.68,1.17
41.7,1.19
41.73,1.2
41.75,1.21
41.78,1.22
41.8,1.24
41.83,1.25
41.85,1.26
41.88,1.27
41.9,1.29
41.92,1.3
41.95,1.31
41.97,1.32
42,1.34
42.02,1.35
42.05,1.36
42.07,1.37
42.1,1.38
42.12,1.39
42.14,1.4
42.17,1.42
42.19,1.43
42.22,1.44
42.24,1.47
42.27,1.48
42.29,1.49
42.31,1.5
42.34,1.51
42.36,1.52
42.39,1.53
42.41,1.54
42.44,1.56
42.46,1.58
42.49,1.59
42.51,1.59
42.53,1.6
42.56,1.62
42.58,1.62
42.61,1.63
42.63,1.64
42.66,1.66
42.68,1.67
42.71,1.67
42.73,1.68
42.75,1.7
42.78,1.71
42.8,1.71
42.83,1.73
42.85,1.74
42.88,1.75
42.9,1.73
42.93,1.74
42.95,1.76
42.97,1.77
43,1.77
43.02,1.79
43.05,1.8
43.07,1.81
43.1,1.81
43.12,1.82
43.15,1.84
43.17,1.85
43.19,1.85
43.22,1.87
43.24,1.88
43.27,1.89
43.29,1.89
43.32,1.9
43.34,1.92
43.36,1.92
43.39,1.93
43.41,1.94
43.44,1.96
43.46,1.97
43.49,1.97
43.51,1.98
43.54,1.99
43.56,2
43.58,2.01
43.61,2.02
43.63,2.04
43.66,2.05
43.68,2.05
43.71,2.06
43.73,2.08
43.76,2.08
43.78,2.08
43.8,2.09
43.83,2.1
43.85,2.11
43.88,2.12
43.9,2.13
43.93,2.14
43.95,2.15
43.98,2.16
44,2.17
44.02,2.17
44.05,2.18
44.07,2.19
44.1,2.2
44.12,2.21
44.15,2.22
44.17,2.23
44.2,2.24
44.22,2.24
44.24,2.25
44.27,2.26
44.29,2.27
44.32,2.27
44.34,2.28
44.37,2.29
44.39,2.31
44.41,2.31
44.44,2.32
44.46,2.33
44.49,2.34
44.51,2.34
44.54,2.34
44.56,2.35
44.59,2.37
44.61,2.37
44.63,2.37
44.66,2.38
44.68,2.4
44.71,2.41
44.73,2.41
44.76,2.42
44.78,2.43
44.81,2.44
44.83,2.44
44.85,2.45
44.88,2.46
44.9,2.47
44.93,2.47
44.95,2.48
44.98,2.5
45,2.5
45.03,2.5
45.05,2.51
45.07,2.53
45.1,2.54
45.12,2.54
45.15,2.55
45.17,2.56
45.2,2.57
45.22,2.57
45.25,2.58
45.27,2.6
45.29,2.6
45.32,2.6
45.34,2.61
45.37,2.63
45.39,2.63
45.42,2.63
45.44,2.64
45.47,2.65
45.49,2.66
45.51,2.66
45.54,2.67
45.56,2.68
45.59,2.69
45.61,2.69
45.64,2.7
45.66,2.71
45.68,2.71
45.71,2.72
45.73,2.73
45.76,2.73
45.78,2.74
45.81,2.74
45.83,2.75
45.86,2.76
45.88,2.76
45.9,2.78
45.93,2.79
45.95,2.79
45.98,2.79
46,2.8
46.03,2.81
46.05,2.82
46.08,2.82
46.1,2.83
46.12,2.84
46.15,2.84
46.17,2.85
46.2,2.85
46.22,2.87
46.25,2.87
46.27,2.87
46.3,2.89
46.32,2.9
46.34,2.9
46.37,2.9
46.39,2.91
46.42,2.93
46.44,2.93
46.47,2.93
46.49,2.94
46.52,2.95
46.54,2.96
46.56,2.96
46.59,2.97
46.61,2.98
46.64,2.98
46.66,2.98
46.69,2.99
46.71,3
46.73,3.01
46.76,3.01
46.78,3.02
46.81,3.04
46.83,3.04
46.86,3.04
46.88,3.05
46.91,3.06
46.93,3.06
46.95,3.06
46.98,3.07
47,3.09
47.03,3.09
47.05,3.09
47.08,3.1
47.1,3.11
47.13,3.11
47.15,3.11
47.17,3.12
47.2,3.13
47.22,3.13
47.25,3.13
47.27,3.14
47.3,3.15
47.32,3.15
47.35,3.15
47.37,3.16
47.39,3.17
47.42,3.17
47.44,3.17
47.47,3.18
47.49,3.19
47.52,3.19
47.54,3.2
47.57,3.21
47.59,3.21
47.61,3.21
47.64,3.22
47.66,3.22
47.69,3.23
47.71,3.23
47.74,3.23
47.76,3.24
47.78,3.25
47.81,3.25
47.83,3.26
47.86,3.27
47.88,3.27
47.91,3.27
47.93,3.28
47.96,3.29
47.98,3.29
48,3.29
48.03,3.31
48.05,3.32
48.08,3.32
48.1,3.32
48.13,3.33
48.15,3.34
48.18,3.34
48.2,3.34
48.22,3.35
48.25,3.36
48.27,3.37
48.3,3.37
48.32,3.37
48.35,3.39
48.37,3.38
48.4,3.38
48.42,3.39
48.44,3.4
48.47,3.4
48.49,3.4
48.52,3.41
48.54,3.42
48.57,3.42
48.59,3.42
48.62,3.43
48.64,3.44
48.66,3.44
48.69,3.44
48.71,3.44
48.74,3.46
48.76,3.46
48.79,3.45
48.81,3.46
48.84,3.47
48.86,3.46
48.88,3.46
48.91,3.46
48.93,3.47
48.96,3.47
48.98,3.46
49.01,3.47
49.03,3.48
49.05,3.48
49.08,3.47
49.1,3.48
49.13,3.48
49.15,3.48
49.18,3.48
49.2,3.48
49.23,3.48
49.25,3.48
49.27,3.48
49.3,3.48
49.32,3.48
49.35,3.48
49.37,3.48
49.4,3.48
49.42,3.48
49.45,3.48
49.47,3.48
49.49,3.48
49.52,3.47
49.54,3.47
49.57,3.47
49.59,3.47
49.62,3.46
49.64,3.46
49.67,3.46
49.69,3.46
49.71,3.45
49.74,3.45
49.76,3.45
49.79,3.45
49.81,3.44
49.84,3.44
49.86,3.44
49.89,3.44
49.91,3.43
49.93,3.42
49.96,3.43
49.98,3.43
50.01,3.42
50.03,3.41
50.06,3.41
50.08,3.41
50.1,3.4
50.13,3.38
50.15,3.39
50.18,3.39
50.2,3.38
50.23,3.37
50.25,3.37
50.28,3.37
50.3,3.36
50.32,3.35
50.35,3.35
50.37,3.35
50.4,3.34
50.42,3.33
50.45,3.33
50.47,3.33
50.5,3.31
50.52,3.3
50.54,3.3
50.57,3.3
50.59,3.29
50.62,3.27
50.64,3.27
50.67,3.27
50.69,3.26
50.72,3.25
50.74,3.25
50.76,3.25
50.79,3.24
50.81,3.22
50.84,3.22
50.86,3.22
50.89,3.21
50.91,3.2
50.94,3.19
50.96,3.19
50.98,3.18
51.01,3.17
51.03,3.16
51.06,3.16
51.08,3.14
51.11,3.14
51.13,3.13
51.15,3.12
51.18,3.12
51.2,3.11
51.23,3.11
51.25,3.1
51.28,3.08
51.3,3.07
51.33,3.06
51.35,3.05
51.37,3.04
51.4,3.03
51.42,3.03
51.45,3.02
51.47,3
51.5,3
51.52,2.99
51.55,2.98
51.57,2.96
51.59,2.95
51.62,2.95
51.64,2.94
51.67,2.92
51.69,2.92
51.72,2.91
51.74,2.89
51.77,2.88
51.79,2.87
51.81,2.86
51.84,2.85
51.86,2.83
51.89,2.83
51.91,2.82
51.94,2.81
51.96,2.79
51.99,2.78
52.01,2.78
52.03,2.76
52.06,2.74
52.08,2.74
52.11,2.73
52.13,2.71
52.16,2.7
52.18,2.69
52.2,2.69
52.23,2.67
52.25,2.65
52.28,2.64
52.3,2.64
52.33,2.62
52.35,2.6
52.38,2.6
52.4,2.6
52.42,2.6
52.45,2.58
52.47,2.58
52.5,2.57
52.52,2.55
52.55,2.53
52.57,2.52
52.6,2.52
52.62,2.5
52.64,2.49
52.67,2.48
52.69,2.47
52.72,2.46
52.74,2.44
52.77,2.43
52.79,2.42
52.82,2.41
52.84,2.39
52.86,2.39
52.89,2.37
52.91,2.36
52.94,2.35
52.96,2.33
52.99,2.32
53.01,2.31
53.04,2.3
53.06,2.29
53.08,2.25
53.11,2.24
53.13,2.23
53.16,2.22
53.18,2.21
53.21,2.19
53.23,2.18
53.26,2.17
53.28,2.15
53.3,2.14
53.33,2.13
53.35,2.12
53.38,2.11
53.4,2.09
53.43,2.09
53.45,2.08
53.47,2.06
53.5,2.04
53.52,2.03
53.55,2.03
53.57,2.01
53.6,1.99
53.62,1.99
53.65,1.98
53.67,1.96
53.69,1.95
53.72,1.93
53.74,1.93
53.77,1.91
53.79,1.89
53.82,1.89
53.84,1.88
53.87,1.86
53.89,1.84
53.91,1.83
53.94,1.82
53.96,1.81
53.99,1.79
54.01,1.78
54.04,1.77
54.06,1.76
54.09,1.74
54.11,1.73
54.13,1.72
54.16,1.71
54.18,1.69
54.21,1.67
54.23,1.66
54.26,1.66
54.28,1.64
54.31,1.63
54.33,1.62
54.35,1.61
54.38,1.59
54.4,1.58
54.43,1.57
54.45,1.56
54.48,1.54
54.5,1.52
54.52,1.51
54.55,1.5
54.57,1.5
54.6,1.48
54.62,1.47
54.65,1.46
54.67,1.44
54.7,1.43
54.72,1.42
54.74,1.41
54.77,1.4
54.79,1.39
54.82,1.37
54.84,1.36
54.87,1.35
54.89,1.34
54.92,1.32
54.94,1.32
54.96,1.3
54.99,1.29
55.01,1.28
55.04,1.27
55.06,1.27
55.09,1.25
55.11,1.24
55.14,1.23
55.16,1.22
55.18,1.2
55.21,1.19
55.23,1.18
55.26,1.18
55.28,1.16
55.31,1.15
55.33,1.14
55.36,1.14
55.38,1.12
55.4,1.11
55.43,1.1
55.45,1.1
55.48,1.08
55.5,1.07
55.53,1.07
55.55,1.07
55.57,1.05
55.6,1.04
55.62,1.03
55.65,1.03
55.67,1.02
55.7,1.01
55.72,1.01
55.75,1.01
55.77,1
55.79,0.99
55.82,0.99
55.84,1
55.87,0.98
55.89,0.97
55.92,0.98
55.94,0.98
55.97,0.97
55.99,0.97
56.01,0.98
56.04,0.98
56.06,0.97
56.09,0.97
56.11,0.98
56.14,0.98
56.16,0.98
56.19,0.97
56.21,0.98
56.23,0.99
56.26,0.99
56.28,1
56.31,1.01
56.33,1.01
56.36,1.01
56.38,1.01
56.41,1.01
56.43,1.02
56.45,1.02
56.48,1.02
56.5,1.03
56.53,1.04
56.55,1.04
56.58,1.04
56.6,1.05
56.62,1.05
56.65,1.05
56.67,1.06
56.7,1.07
56.72,1.07
56.75,1.07
56.77,1.07
56.8,1.08
56.82,1.08
56.84,1.08
56.87,1.08
56.89,1.09
56.92,1.09
56.94,1.09
56.97,1.09
56.99,1.1
57.02,1.1
57.04,1.1
57.06,1.11
57.09,1.11
57.11,1.1
57.14,1.1
57.16,1.11
57.19,1.11
57.21,1.11
57.24,1.11
57.26,1.11
57.28,1.12
57.31,1.11
57.33,1.11
57.36,1.12
57.38,1.12
57.41,1.12
57.43,1.11
57.46,1.13
57.48,1.14
57.5,1.13
57.53,1.13
57.55,1.14
57.58,1.14
57.6,1.14
57.63,1.13
57.65,1.15
57.68,1.15
57.7,1.15
57.72,1.15
57.75,1.16
57.77,1.17
57.8,1.17
57.82,1.17
57.85,1.18
57.87,1.19
57.89,1.19
57.92,1.2
57.94,1.21
57.97,1.22
57.99,1.22
58.02,1.23
58.04,1.24
58.07,1.25
58.09,1.25
58.11,1.26
58.14,1.28
58.16,1.29
58.19,1.29
58.21,1.3
58.24,1.32
58.26,1.33
58.29,1.34
58.31,1.35
58.33,1.36
58.36,1.37
58.38,1.38
58.41,1.39
58.43,1.41
58.46,1.42
58.48,1.43
58.51,1.44
58.53,1.45
58.55,1.46
58.58,1.47
58.6,1.48
58.63,1.5
58.65,1.51
58.68,1.52
58.7,1.53
58.73,1.54
58.75,1.55
58.77,1.56
58.8,1.57
58.82,1.58
58.85,1.58
58.87,1.59
58.9,1.61
58.92,1.62
58.94,1.63
58.97,1.63
58.99,1.65
59.02,1.66
59.04,1.66
59.07,1.67
59.09,1.69
59.12,1.7
59.14,1.71
59.16,1.71
59.19,1.73
59.21,1.74
59.24,1.74
59.26,1.75
59.29,1.77
59.31,1.78
59.34,1.78
59.36,1.79
59.38,1.81
59.41,1.82
59.43,1.83
59.46,1.84
59.48,1.85
59.51,1.87
59.53,1.87
59.56,1.87
59.58,1.89
59.6,1.9
59.63,1.91
59.65,1.92
59.68,1.93
59.7,1.95
59.73,1.95
59.75,1.96
59.78,1.98
59.8,1.99
59.82,2
59.85,2.01
59.87,2.03
59.9,2.04
59.92,2.05
59.95,2.06
59.97,2.08
59.99,2.09
60.02,2.1
60.04,2.1
60.07,2.12
60.09,2.14
60.12,2.15
60.14,2.16
60.17,2.18
60.19,2.19
60.21,2.2
60.24,2.21
60.26,2.23
60.29,2.24
60.31,2.25
60.34,2.26
60.36,2.28
60.39,2.29
60.41,2.3
60.43,2.32
60.46,2.33
60.48,2.34
60.51,2.35
60.53,2.37
60.56,2.38
60.58,2.39
60.61,2.4
60.63,2.42
60.65,2.44
60.68,2.45
60.7,2.45
60.73,2.47
60.75,2.48
60.78,2.48
60.8,2.49
60.83,2.51
60.85,2.53
60.87,2.54
60.9,2.54
60.92,2.56
60.95,2.58
60.97,2.58
61,2.59
61.02,2.61
61.05,2.62
61.07,2.63
61.09,2.64
61.12,2.66
61.14,2.67
61.17,2.68
61.19,2.7
61.22,2.71
61.24,2.73
61.26,2.73
61.29,2.74
61.31,2.77
61.34,2.78
61.36,2.79
61.39,2.8
61.41,2.82
61.44,2.84
61.46,2.84
61.48,2.85
61.51,2.88
61.53,2.89
61.56,2.9
61.58,2.91
61.61,2.93
61.63,2.95
61.66,2.95
61.68,2.97
61.7,2.99
61.73,3
61.75,3.01
61.78,3.02
61.8,3.04
61.83,3.06
61.85,3.07
61.88,3.08
61.9,3.1
61.92,3.11
61.95,3.12
61.97,3.13
62,3.14
62.02,3.16
62.05,3.17
62.07,3.18
62.1,3.2
62.12,3.21
62.14,3.23
62.17,3.24
62.19,3.26
62.22,3.27
62.24,3.27
62.27,3.29
62.29,3.31
62.31,3.32
62.34,3.33
62.36,3.35
62.39,3.36
62.41,3.37
62.44,3.38
62.46,3.4
62.49,3.41
62.51,3.42
62.53,3.44
62.56,3.45
62.58,3.47
62.61,3.48
62.63,3.49
62.66,3.51
62.68,3.52
62.71,3.53
62.73,3.54
62.75,3.56
62.78,3.57
62.8,3.58
62.83,3.6
62.85,3.62
62.88,3.63
62.9,3.64
62.93,3.65
62.95,3.67
62.97,3.68
63,3.69
63.02,3.71
63.05,3.73
63.07,3.75
63.1,3.76
63.12,3.77
63.15,3.79
63.17,3.8
63.19,3.8
63.22,3.81
63.24,3.84
63.27,3.85
63.29,3.86
63.32,3.88
63.34,3.89
63.36,3.91
63.39,3.92
63.41,3.93
63.44,3.95
63.46,3.96
63.49,3.97
63.51,3.98
63.54,4
63.56,4.02
63.58,4.03
63.61,4.04
63.63,4.06
63.66,4.07
63.68,4.08
63.71,4.09
63.73,4.11
63.76,4.13
63.78,4.13
63.8,4.15
63.83,4.17
63.85,4.18
63.88,4.19
63.9,4.2
63.93,4.22
63.95,4.23
63.98,4.24
64,4.26
64.02,4.28
64.05,4.29
64.07,4.3
64.1,4.31
64.12,4.33
64.15,4.34
64.17,4.35
64.2,4.37
64.22,4.39
64.24,4.39
64.27,4.41
64.29,4.43
64.32,4.44
64.34,4.45
64.37,4.46
64.39,4.48
64.41,4.49
64.44,4.5
64.46,4.52
64.49,4.53
64.51,4.55
64.54,4.56
64.56,4.57
64.59,4.59
64.61,4.6
64.63,4.6
64.66,4.62
64.68,4.64
64.71,4.65
64.73,4.66
64.76,4.67
64.78,4.69
64.81,4.7
64.83,4.71
64.85,4.72
64.88,4.74
64.9,4.76
64.93,4.76
64.95,4.78
64.98,4.8
65,4.82
65.03,4.82
65.05,4.84
65.07,4.85
65.1,4.87
65.12,4.87
65.15,4.88
65.17,4.9
65.2,4.91
65.22,4.92
65.25,4.94
65.27,4.96
65.29,4.97
65.32,4.97
65.34,4.98
65.37,5.01
65.39,5.02
65.42,5.03
65.44,5.04
65.47,5.06
65.49,5.07
65.51,5.07
65.54,5.09
65.56,5.1
65.59,5.11
65.61,5.12
65.64,5.13
65.66,5.14
65.68,5.16
65.71,5.16
65.73,5.18
65.76,5.19
65.78,5.2
65.81,5.21
65.83,5.22
65.86,5.23
65.88,5.24
65.9,5.25
65.93,5.27
65.95,5.28
65.98,5.29
66,5.29
66.03,5.31
66.05,5.32
66.08,5.32
66.1,5.33
66.12,5.35
66.15,5.36
66.17,5.36
66.2,5.38
66.22,5.39
66.25,5.4
66.27,5.4
66.3,5.41
66.32,5.42
66.34,5.43
66.37,5.43
66.39,5.44
66.42,5.45
66.44,5.46
66.47,5.46
66.49,5.47
66.52,5.48
66.54,5.49
66.56,5.49
66.59,5.5
66.61,5.51
66.64,5.51
66.66,5.51
66.69,5.52
66.71,5.53
66.73,5.54
66.76,5.54
66.78,5.54
66.81,5.55
66.83,5.56
66.86,5.55
66.88,5.56
66.91,5.58
66.93,5.58
66.95,5.58
66.98,5.59
67,5.6
67.03,5.6
67.05,5.6
67.08,5.6
67.1,5.62
67.13,5.62
67.15,5.62
67.17,5.63
67.2,5.64
67.22,5.64
67.25,5.64
67.27,5.64
67.3,5.66
67.32,5.66
67.35,5.66
67.37,5.66
67.39,5.67
67.42,5.68
67.44,5.68
67.47,5.68
67.49,5.69
67.52,5.69
67.54,5.69
67.57,5.69
67.59,5.7
67.61,5.7
67.64,5.7
67.66,5.71
67.69,5.71
67.71,5.71
67.74,5.71
67.76,5.72
67.78,5.72
67.81,5.71
67.83,5.71
67.86,5.72
67.88,5.73
67.91,5.72
67.93,5.72
67.96,5.72
67.98,5.72
68,5.72
68.03,5.72
68.05,5.73
68.08,5.72
68.1,5.72
68.13,5.72
68.15,5.73
68.18,5.73
68.2,5.72
68.22,5.72
68.25,5.72
68.27,5.72
68.3,5.7
68.32,5.71
68.35,5.71
68.37,5.71
68.4,5.7
68.42,5.7
68.44,5.71
68.47,5.7
68.49,5.69
68.52,5.69
68.54,5.69
68.57,5.69
68.59,5.68
68.62,5.68
68.64,5.69
68.66,5.69
68.69,5.68
68.71,5.67
68.74,5.67
68.76,5.67
68.79,5.66
68.81,5.65
68.83,5.66
68.86,5.65
68.88,5.64
68.91,5.64
68.93,5.64
68.96,5.64
68.98,5.63
69.01,5.62
69.03,5.63
69.05,5.62
69.08,5.61
69.1,5.61
69.13,5.61
69.15,5.61
69.18,5.59
69.2,5.59
69.23,5.59
69.25,5.58
69.27,5.57
69.3,5.57
69.32,5.57
69.35,5.56
69.37,5.55
69.4,5.55
69.42,5.55
69.45,5.54
69.47,5.53
69.49,5.52
69.52,5.52
69.54,5.51
69.57,5.5
69.59,5.5
69.62,5.49
69.64,5.48
69.67,5.48
69.69,5.48
69.71,5.46
69.74,5.46
69.76,5.45
69.79,5.45
69.81,5.44
69.84,5.43
69.86,5.42
69.89,5.42
69.91,5.41
69.93,5.4
69.96,5.39
69.98,5.39
70.01,5.37
70.03,5.36
70.06,5.36
70.08,5.36
70.1,5.34
70.13,5.33
70.15,5.32
70.18,5.32
70.2,5.31
70.23,5.29
70.25,5.28
70.28,5.28
70.3,5.27
70.32,5.25
70.35,5.25
70.37,5.25
70.4,5.23
70.42,5.22
70.45,5.21
70.47,5.21
70.5,5.19
70.52,5.18
70.54,5.17
70.57,5.17
70.59,5.16
70.62,5.14
70.64,5.14
70.67,5.13
70.69,5.12
70.72,5.09
70.74,5.09
70.76,5.09
70.79,5.07
70.81,5.06
70.84,5.05
70.86,5.04
70.89,5.04
70.91,5.02
70.94,5.01
70.96,5
70.98,4.99
71.01,4.97
71.03,4.96
71.06,4.96
71.08,4.94
71.11,4.92
71.13,4.92
71.15,4.91
71.18,4.89
71.2,4.88
71.23,4.87
71.25,4.86
71.28,4.84
71.3,4.83
71.33,4.82
71.35,4.81
71.37,4.8
71.4,4.79
71.42,4.77
71.45,4.76
71.47,4.74
71.5,4.73
71.52,4.72
71.55,4.71
71.57,4.69
71.59,4.69
71.62,4.67
71.64,4.66
71.67,4.64
71.69,4.63
71.72,4.62
71.74,4.61
71.77,4.59
71.79,4.58
71.81,4.58
71.84,4.56
71.86,4.54
71.89,4.53
71.91,4.52
71.94,4.5
71.96,4.48
71.99,4.48
72.01,4.47
72.03,4.45
72.06,4.43
72.08,4.42
72.11,4.42
72.13,4.4
72.16,4.38
72.18,4.37
72.2,4.37
72.23,4.35
72.25,4.33
72.28,4.32
72.3,4.32
72.33,4.3
72.35,4.28
72.38,4.28
72.4,4.27
72.42,4.26
72.45,4.23
72.47,4.23
72.5,4.23
72.52,4.22
72.55,4.2
72.57,4.19
72.6,4.19
72.62,4.17
72.64,4.16
72.67,4.15
72.69,4.15
72.72,4.14
72.74,4.13
72.77,4.12
72.79,4.12
72.82,4.11
72.84,4.1
72.86,4.09
72.89,4.09
72.91,4.08
72.94,4.07
72.96,4.07
72.99,4.07
73.01,4.06
73.04,4.05
73.06,4.05
73.08,4.05
73.11,4.04
73.13,4.03
73.16,4.03
73.18,4.03
73.21,4.02
73.23,4.02
73.25,4.02
73.28,4.01
73.3,4
73.33,4
73.35,4
73.38,3.99
73.4,3.98
73.43,3.98
73.45,3.98
73.47,3.97
73.5,3.96
73.52,3.96
73.55,3.96
73.57,3.95
73.6,3.94
73.62,3.93
73.65,3.93
73.67,3.93
73.69,3.91
73.72,3.92
73.74,3.91
73.77,3.9
73.79,3.89
73.82,3.89
73.84,3.88
73.87,3.87
73.89,3.85
73.91,3.85
73.94,3.85
73.96,3.84
73.99,3.83
74.01,3.82
74.04,3.83
74.06,3.81
74.09,3.8
74.11,3.79
74.13,3.79
74.16,3.78
74.18,3.77
74.21,3.76
74.23,3.77
74.26,3.75
74.28,3.74
74.31,3.74
74.33,3.73
74.35,3.72
74.38,3.71
74.4,3.71
74.43,3.71
74.45,3.71
74.48,3.69
74.5,3.7
74.52,3.7
74.55,3.69
74.57,3.67
74.6,3.67
74.62,3.68
74.65,3.67
74.67,3.66
74.7,3.67
74.72,3.67
74.74,3.67
74.77,3.66
74.79,3.67
74.82,3.67
74.84,3.67
74.87,3.66
74.89,3.67
74.92,3.68
74.94,3.68
74.96,3.68
74.99,3.69
75.01,3.69
75.04,3.68
75.06,3.69
75.09,3.69
75.11,3.69
75.14,3.7
75.16,3.7
75.18,3.71
75.21,3.71
75.23,3.71
75.26,3.72
75.28,3.73
75.31,3.72
75.33,3.72
75.36,3.73
75.38,3.74
75.4,3.74
75.43,3.74
75.45,3.75
75.48,3.75
75.5,3.75
75.53,3.75
75.55,3.75
75.57,3.76
75.6,3.76
75.62,3.76
75.65,3.77
75.67,3.77
75.7,3.77
75.72,3.77
75.75,3.78
75.77,3.78
75.79,3.78
75.82,3.77
75.84,3.78
75.87,3.79
75.89,3.78
75.92,3.78
75.94,3.79
75.97,3.8
75.99,3.79
76.01,3.78
76.04,3.79
76.06,3.8
76.09,3.8
76.11,3.79
76.14,3.8
76.16,3.81
76.19,3.81
76.21,3.81
76.23,3.82
76.26,3.82
76.28,3.82
76.31,3.81
76.33,3.82
76.36,3.84
76.38,3.84
76.41,3.84
76.43,3.85
76.45,3.85
76.48,3.86
76.5,3.86
76.53,3.86
76.55,3.87
76.58,3.87
76.6,3.88
76.62,3.89
76.65,3.9
76.67,3.9
76.7,3.91
76.72,3.92
76.75,3.93
76.77,3.93
76.8,3.94
76.82,3.97
76.84,3.98
76.87,3.99
76.89,4
76.92,4.01
76.94,4.02
76.97,4.02
76.99,4.03
77.02,4.04
77.04,4.05
77.06,4.06
77.09,4.06
77.11,4.08
77.14,4.09
77.16,4.09
77.19,4.11
77.21,4.12
77.24,4.13
77.26,4.13
77.28,4.14
77.31,4.16
77.33,4.16
77.36,4.17
77.38,4.18
77.41,4.2
77.43,4.2
77.46,4.21
77.48,4.2
77.5,4.21
77.53,4.21
77.55,4.22
77.58,4.24
77.6,4.25
77.63,4.25
77.65,4.26
77.68,4.27
77.7,4.29
77.72,4.3
77.75,4.3
77.77,4.31
77.8,4.33
77.82,4.33
77.85,4.34
77.87,4.36
77.89,4.37
77.92,4.38
77.94,4.38
77.97,4.4
77.99,4.41
78.02,4.42
78.04,4.43
78.07,4.44
78.09,4.47
78.11,4.47
78.14,4.48
78.16,4.5
78.19,4.51
78.21,4.52
78.24,4.52
78.26,4.54
78.29,4.55
78.31,4.56
78.33,4.57
78.36,4.59
78.38,4.6
78.41,4.62
78.43,4.63
78.46,4.64
78.48,4.65
78.51,4.66
78.53,4.68
78.55,4.7
78.58,4.71
78.6,4.72
78.63,4.73
78.65,4.75
78.68,4.77
78.7,4.78
78.73,4.79
78.75,4.81
78.77,4.82
78.8,4.84
78.82,4.85
78.85,4.87
78.87,4.89
78.9,4.89
78.92,4.91
78.94,4.93
78.97,4.94
78.99,4.95
79.02,4.97
79.04,4.99
79.07,5
79.09,5.01
79.12,5.03
79.14,5.05
79.16,5.06
79.19,5.07
79.21,5.09
79.24,5.11
79.26,5.13
79.29,5.14
79.31,5.16
79.34,5.18
79.36,5.2
79.38,5.21
79.41,5.22
79.43,5.25
79.46,5.25
79.48,5.26
79.51,5.29
79.53,5.32
79.56,5.33
79.58,5.34
79.6,5.36
79.63,5.39
79.65,5.4
79.68,5.4
79.7,5.43
79.73,5.45
79.75,5.46
79.78,5.48
79.8,5.5
79.82,5.52
79.85,5.53
79.87,5.54
79.9,5.56
79.92,5.58
79.95,5.6
79.97,5.61
79.99,5.63
80.02,5.66
80.04,5.67
80.07,5.69
80.09,5.71
80.12,5.73
80.14,5.74
80.17,5.76
80.19,5.77
80.21,5.8
80.24,5.81
80.26,5.83
80.29,5.85
80.31,5.87
80.34,5.89
80.36,5.9
80.39,5.92
80.41,5.95
80.43,5.96
80.46,5.98
80.48,6.01
80.51,6.02
80.53,6.04
80.56,6.06
80.58,6.09
80.61,6.11
80.63,6.12
80.65,6.14
80.68,6.16
80.7,6.18
80.73,6.2
80.75,6.22
80.78,6.25
80.8,6.27
80.83,6.28
80.85,6.3
80.87,6.32
80.9,6.34
80.92,6.36
80.95,6.38
80.97,6.41
81,6.43
81.02,6.45
81.04,6.47
81.07,6.49
81.09,6.51
81.12,6.53
81.14,6.55
81.17,6.57
81.19,6.59
81.22,6.62
81.24,6.64
81.26,6.66
81.29,6.68
81.31,6.7
81.34,6.72
81.36,6.74
81.39,6.76
81.41,6.79
81.44,6.81
81.46,6.83
81.48,6.85
81.51,6.87
81.53,6.89
81.56,6.92
81.58,6.94
81.61,6.96
81.63,6.98
81.66,7
81.68,7.02
81.7,7.05
81.73,7.07
81.75,7.09
81.78,7.11
81.8,7.13
81.83,7.16
81.85,7.18
81.88,7.19
81.9,7.22
81.92,7.25
81.95,7.26
81.97,7.28
82,7.31
82.02,7.34
82.05,7.36
82.07,7.38
82.1,7.4
82.12,7.43
82.14,7.44
82.17,7.47
82.19,7.5
82.22,7.52
82.24,7.54
82.27,7.56
82.29,7.59
82.31,7.61
82.34,7.62
82.36,7.65
82.39,7.68
82.41,7.7
82.44,7.72
82.46,7.75
82.49,7.77
82.51,7.79
82.53,7.81
82.56,7.84
82.58,7.86
82.61,7.88
82.63,7.9
82.66,7.92
82.68,7.95
82.71,7.97
82.73,7.99
82.75,8.02
82.78,8.04
82.8,8.05
82.83,8.07
82.85,8.1
82.88,8.13
82.9,8.14
82.93,8.16
82.95,8.19
82.97,8.21
83,8.23
83.02,8.25
83.05,8.27
83.07,8.3
83.1,8.31
83.12,8.33
83.15,8.36
83.17,8.39
83.19,8.4
83.22,8.42
83.24,8.44
83.27,8.47
83.29,8.48
83.32,8.49
83.34,8.53
83.36,8.55
83.39,8.56
83.41,8.58
83.44,8.61
83.46,8.64
83.49,8.65
83.51,8.66
83.54,8.69
83.56,8.71
83.58,8.73
83.61,8.75
83.63,8.77
83.66,8.8
83.68,8.81
83.71,8.83
83.73,8.86
83.76,8.88
83.78,8.89
83.8,8.91
83.83,8.94
83.85,8.96
83.88,8.97
83.9,9
83.93,9.02
83.95,9.04
83.98,9.06
84,9.07
84.02,9.1
84.05,9.11
84.07,9.13
84.1,9.15
84.12,9.17
84.15,9.19
84.17,9.21
84.2,9.23
84.22,9.25
84.24,9.27
84.27,9.28
84.29,9.3
84.32,9.32
84.34,9.34
84.37,9.36
84.39,9.38
84.41,9.4
84.44,9.42
84.46,9.43
84.49,9.45
84.51,9.47
84.54,9.48
84.56,9.49
84.59,9.51
84.61,9.54
84.63,9.55
84.66,9.56
84.68,9.59
84.71,9.61
84.73,9.61
84.76,9.63
84.78,9.65
84.81,9.67
84.83,9.68
84.85,9.69
84.88,9.71
84.9,9.73
84.93,9.74
84.95,9.76
84.98,9.77
85,9.79
85.03,9.79
85.05,9.81
85.07,9.83
85.1,9.84
85.12,9.85
85.15,9.87
85.17,9.89
85.2,9.9
85.22,9.91
85.25,9.92
85.27,9.94
85.29,9.96
85.32,9.96
85.34,9.98
85.37,9.99
85.39,10.01
85.42,10.02
85.44,10.03
85.47,10.05
85.49,10.06
85.51,10.07
85.54,10.09
85.56,10.11
85.59,10.12
85.61,10.13
85.64,10.14
85.66,10.16
85.68,10.17
85.71,10.18
85.73,10.19
85.76,10.21
85.78,10.22
85.81,10.23
85.83,10.24
85.86,10.26
85.88,10.27
85.9,10.28
85.93,10.29
85.95,10.3
85.98,10.32
86,10.32
86.03,10.34
86.05,10.35
86.08,10.36
86.1,10.37
86.12,10.38
86.15,10.4
86.17,10.41
86.2,10.41
86.22,10.42
86.25,10.44
86.27,10.44
86.3,10.45
86.32,10.47
86.34,10.49
86.37,10.49
86.39,10.5
86.42,10.52
86.44,10.53
86.47,10.52
86.49,10.53
86.52,10.54
86.54,10.56
86.56,10.56
86.59,10.57
86.61,10.58
86.64,10.59
86.66,10.59
86.69,10.6
86.71,10.61
86.73,10.62
86.76,10.62
86.78,10.63
86.81,10.64
86.83,10.65
86.86,10.65
86.88,10.66
86.91,10.67
86.93,10.67
86.95,10.67
86.98,10.65
87,10.67
87.03,10.67
87.05,10.67
87.08,10.68
87.1,10.69
87.13,10.7
87.15,10.69
87.17,10.69
87.2,10.71
87.22,10.71
87.25,10.71
87.27,10.72
87.3,10.73
87.32,10.73
87.35,10.73
87.37,10.73
87.39,10.74
87.42,10.75
87.44,10.74
87.47,10.74
87.49,10.75
87.52,10.76
87.54,10.76
87.57,10.76
87.59,10.77
87.61,10.77
87.64,10.79
87.66,10.79
87.69,10.79
87.71,10.8
87.74,10.79
87.76,10.8
87.78,10.8
87.81,10.8
87.83,10.8
87.86,10.8
87.88,10.81
87.91,10.8
87.93,10.8
87.96,10.8
87.98,10.81
88,10.81
88.03,10.81
88.05,10.81
88.08,10.82
88.1,10.81
88.13,10.8
88.15,10.81
88.18,10.81
88.2,10.8
88.22,10.81
88.25,10.81
88.27,10.81
88.3,10.8
88.32,10.8
88.35,10.81
88.37,10.8
88.4,10.79
88.42,10.79
88.44,10.79
88.47,10.79
88.49,10.79
88.52,10.79
88.54,10.8
88.57,10.79
88.59,10.78
88.62,10.78
88.64,10.78
88.66,10.78
88.69,10.77
88.71,10.77
88.74,10.77
88.76,10.77
88.79,10.76
88.81,10.76
88.83,10.77
88.86,10.76
88.88,10.75
88.91,10.74
88.93,10.75
88.96,10.74
88.98,10.73
89.01,10.73
89.03,10.73
89.05,10.73
89.08,10.72
89.1,10.71
89.13,10.72
89.15,10.71
89.18,10.7
89.2,10.7
89.23,10.7
89.25,10.7
89.27,10.69
89.3,10.69
89.32,10.69
89.35,10.68
89.37,10.68
89.4,10.67
89.42,10.67
89.45,10.67
89.47,10.66
89.49,10.66
89.52,10.67
89.54,10.66
89.57,10.66
89.59,10.66
89.62,10.66
89.64,10.65
89.67,10.64
89.69,10.65
89.71,10.65
89.74,10.64
89.76,10.64
89.79,10.64
89.81,10.64
89.84,10.64
89.86,10.63
89.89,10.63
89.91,10.63
89.93,10.63
89.96,10.63
89.98,10.63
90.01,10.63
90.03,10.63
90.06,10.62
90.08,10.62
90.1,10.62
90.13,10.61
90.15,10.61
90.18,10.61
90.2,10.6
90.23,10.6
90.25,10.59
90.28,10.6
90.3,10.59
90.32,10.58
90.35,10.58
90.37,10.58
90.4,10.57
90.42,10.56
90.45,10.56
90.47,10.56
90.5,10.55
90.52,10.54
90.54,10.54
90.57,10.54
90.59,10.53
90.62,10.51
90.64,10.51
90.67,10.51
90.69,10.51
90.72,10.49
90.74,10.48
90.76,10.48
90.79,10.48
90.81,10.46
90.84,10.45
90.86,10.45
90.89,10.44
90.91,10.43
90.94,10.42
90.96,10.42
90.98,10.41
91.01,10.39
91.03,10.39
91.06,10.39
91.08,10.38
91.11,10.37
91.13,10.36
91.15,10.36
91.18,10.36
91.2,10.35
91.23,10.35
91.25,10.35
91.28,10.34
91.3,10.33
91.33,10.32
91.35,10.32
91.37,10.32
91.4,10.31
91.42,10.31
91.45,10.31
91.47,10.3
91.5,10.3
91.52,10.3
91.55,10.3
91.57,10.3
91.59,10.29
91.62,10.29
91.64,10.3
91.67,10.29
91.69,10.29
91.72,10.29
91.74,10.29
91.77,10.29
91.79,10.29
91.81,10.29
91.84,10.29
91.86,10.28
91.89,10.29
91.91,10.29
91.94,10.29
91.96,10.28
91.99,10.28
92.01,10.29
92.03,10.29
92.06,10.28
92.08,10.28
92.11,10.29
92.13,10.28
92.16,10.28
92.18,10.28
92.2,10.29
92.23,10.29
92.25,10.28
92.28,10.28
92.3,10.28
92.33,10.28
92.35,10.27
92.38,10.27
92.4,10.28
92.42,10.27
92.45,10.26
92.47,10.26
92.5,10.26
92.52,10.26
92.55,10.25
92.57,10.25
92.6,10.26
92.62,10.25
92.64,10.24
92.67,10.24
92.69,10.24
92.72,10.24
92.74,10.22
92.77,10.22
92.79,10.22
92.82,10.22
92.84,10.21
92.86,10.21
92.89,10.21
92.91,10.21
92.94,10.19
92.96,10.19
92.99,10.2
93.01,10.19
93.04,10.18
93.06,10.19
93.08,10.19
93.11,10.19
93.13,10.18
93.16,10.18
93.18,10.19
93.21,10.18
93.23,10.18
93.25,10.18
93.28,10.2
93.3,10.2
93.33,10.19
93.35,10.2
93.38,10.2
93.4,10.2
93.43,10.2
93.45,10.2
93.47,10.2
93.5,10.2
93.52,10.2
93.55,10.21
93.57,10.21
93.6,10.21
93.62,10.21
93.65,10.22
93.67,10.22
93.69,10.22
93.72,10.22
93.74,10.22
93.77,10.22
93.79,10.22
93.82,10.23
93.84,10.24
93.87,10.24
93.89,10.24
93.91,10.24
93.94,10.23
93.96,10.23
93.99,10.22
94.01,10.23
94.04,10.24
94.06,10.25
94.09,10.24
94.11,10.25
94.13,10.26
94.16,10.26
94.18,10.26
94.21,10.26
94.23,10.27
94.26,10.27
94.28,10.27
94.31,10.28
94.33,10.29
94.35,10.29
94.38,10.29
94.4,10.3
94.43,10.31
94.45,10.31
94.48,10.3
94.5,10.31
94.52,10.33
94.55,10.33
94.57,10.32
94.6,10.33
94.62,10.34
94.65,10.34
94.67,10.33
94.7,10.34
94.72,10.35
94.74,10.35
94.77,10.34
94.79,10.36
94.82,10.37
94.84,10.37
94.87,10.37
94.89,10.37
94.92,10.39
94.94,10.38
94.96,10.39
94.99,10.39
95.01,10.4
95.04,10.41
95.06,10.41
95.09,10.42
95.11,10.43
95.14,10.43
95.16,10.43
95.18,10.44
95.21,10.44
95.23,10.45
95.26,10.45
95.28,10.47
95.31,10.48
95.33,10.48
95.36,10.49
95.38,10.5
95.4,10.5
95.43,10.51
95.45,10.52
95.48,10.53
95.5,10.54
95.53,10.54
95.55,10.55
95.57,10.57
95.6,10.57
95.62,10.58
95.65,10.59
95.67,10.6
95.7,10.61
95.72,10.61
95.75,10.63
95.77,10.64
95.79,10.65
95.82,10.66
95.84,10.67
95.87,10.69
95.89,10.69
95.92,10.69
95.94,10.71
95.97,10.72
95.99,10.73
96.01,10.74
96.04,10.75
96.06,10.77
96.09,10.78
96.11,10.78
96.14,10.79
96.16,10.81
96.19,10.82
96.21,10.82
96.23,10.84
96.26,10.86
96.28,10.87
96.31,10.88
96.33,10.89
96.36,10.91
96.38,10.91
96.41,10.92
96.43,10.93
96.45,10.95
96.48,10.96
96.5,10.96
96.53,10.98
96.55,11
96.58,11.01
96.6,11.01
96.62,11.03
96.65,11.05
96.67,11.05
96.7,11.06
96.72,11.08
96.75,11.1
96.77,11.11
96.8,11.12
96.82,11.14
96.84,11.16
96.87,11.16
96.89,11.18
96.92,11.19
96.94,11.21
96.97,11.22
96.99,11.23
97.02,11.25
97.04,11.27
97.06,11.28
97.09,11.3
97.11,11.32
97.14,11.33
97.16,11.34
97.19,11.36
97.21,11.38
97.24,11.4
97.26,11.41
97.28,11.43
97.31,11.45
97.33,11.46
97.36,11.47
97.38,11.49
97.41,11.51
97.43,11.53
97.46,11.54
97.48,11.56
97.5,11.58
97.53,11.6
97.55,11.61
97.58,11.63
97.6,11.65
97.63,11.67
97.65,11.67
97.68,11.7
97.7,11.72
97.72,11.74
97.75,11.75
97.77,11.77
97.8,11.8
97.82,11.81
97.85,11.82
97.87,11.85
97.89,11.87
97.92,11.89
97.94,11.9
97.97,11.92
97.99,11.95
98.02,11.97
98.04,11.98
98.07,12
98.09,12.03
98.11,12.04
98.14,12.05
98.16,12.08
98.19,12.11
98.21,12.13
98.24,12.14
98.26,12.17
98.29,12.19
98.31,12.21
98.33,12.23
98.36,12.25
98.38,12.28
98.41,12.3
98.43,12.31
98.46,12.34
98.48,12.36
98.51,12.38
98.53,12.4
98.55,12.43
98.58,12.45
98.6,12.47
98.63,12.49
98.65,12.52
98.68,12.54
98.7,12.56
98.73,12.58
98.75,12.61
98.77,12.63
98.8,12.65
98.82,12.67
98.85,12.7
98.87,12.72
98.9,12.74
98.92,12.77
98.94,12.79
98.97,12.82
98.99,12.84
99.02,12.87
99.04,12.89
99.07,12.91
99.09,12.93
99.12,12.95
99.14,12.98
99.16,13.01
99.19,13.03
99.21,13.06
99.24,13.09
99.26,13.11
99.29,13.13
99.31,13.15
99.34,13.19
99.36,13.21
99.38,13.23
99.41,13.26
99.43,13.29
99.46,13.31
99.48,13.34
99.51,13.36
99.53,13.4
99.56,13.41
99.58,13.43
99.6,13.45
99.63,13.47
99.65,13.49
99.68,13.5
99.7,13.51
99.73,13.54
99.75,13.55
99.78,13.56
99.8,13.57
99.82,13.59
99.85,13.6
99.87,13.6
99.9,13.61